<?xml version="1.0" encoding="UTF-8"?>
<GenRun Id="impl_1" LaunchPart="xc7a35tcpg236-1" LaunchTime="1747211110">
  <File Type="BITSTR-BMM" Name="Mux_2W_4B_bd.bmm"/>
  <File Type="OPT-METHODOLOGY-DRC" Name="Mux_2W_4B_methodology_drc_opted.rpt"/>
  <File Type="INIT-TIMING" Name="Mux_2W_4B_timing_summary_init.rpt"/>
  <File Type="ROUTE-PWR" Name="Mux_2W_4B_power_routed.rpt"/>
  <File Type="PA-TCL" Name="Mux_2W_4B.tcl"/>
  <File Type="OPT-TIMING" Name="Mux_2W_4B_timing_summary_opted.rpt"/>
  <File Type="OPT-DCP" Name="Mux_2W_4B_opt.dcp"/>
  <File Type="ROUTE-PWR-SUM" Name="Mux_2W_4B_power_summary_routed.pb"/>
  <File Type="REPORTS-TCL" Name="Mux_2W_4B_reports.tcl"/>
  <File Type="OPT-DRC" Name="Mux_2W_4B_drc_opted.rpt"/>
  <File Type="OPT-HWDEF" Name="Mux_2W_4B.hwdef"/>
  <File Type="PWROPT-DCP" Name="Mux_2W_4B_pwropt.dcp"/>
  <File Type="PWROPT-DRC" Name="Mux_2W_4B_drc_pwropted.rpt"/>
  <File Type="PWROPT-TIMING" Name="Mux_2W_4B_timing_summary_pwropted.rpt"/>
  <File Type="PLACE-DCP" Name="Mux_2W_4B_placed.dcp"/>
  <File Type="PLACE-IO" Name="Mux_2W_4B_io_placed.rpt"/>
  <File Type="PLACE-CLK" Name="Mux_2W_4B_clock_utilization_placed.rpt"/>
  <File Type="PLACE-UTIL" Name="Mux_2W_4B_utilization_placed.rpt"/>
  <File Type="PLACE-UTIL-PB" Name="Mux_2W_4B_utilization_placed.pb"/>
  <File Type="PLACE-CTRL" Name="Mux_2W_4B_control_sets_placed.rpt"/>
  <File Type="PLACE-SIMILARITY" Name="Mux_2W_4B_incremental_reuse_placed.rpt"/>
  <File Type="PLACE-PRE-SIMILARITY" Name="Mux_2W_4B_incremental_reuse_pre_placed.rpt"/>
  <File Type="BG-BGN" Name="Mux_2W_4B.bgn"/>
  <File Type="PLACE-TIMING" Name="Mux_2W_4B_timing_summary_placed.rpt"/>
  <File Type="POSTPLACE-PWROPT-DCP" Name="Mux_2W_4B_postplace_pwropt.dcp"/>
  <File Type="BG-BIN" Name="Mux_2W_4B.bin"/>
  <File Type="POSTPLACE-PWROPT-TIMING" Name="Mux_2W_4B_timing_summary_postplace_pwropted.rpt"/>
  <File Type="PHYSOPT-DCP" Name="Mux_2W_4B_physopt.dcp"/>
  <File Type="PHYSOPT-DRC" Name="Mux_2W_4B_drc_physopted.rpt"/>
  <File Type="BITSTR-MSK" Name="Mux_2W_4B.msk"/>
  <File Type="PHYSOPT-TIMING" Name="Mux_2W_4B_timing_summary_physopted.rpt"/>
  <File Type="ROUTE-ERROR-DCP" Name="Mux_2W_4B_routed_error.dcp"/>
  <File Type="ROUTE-DCP" Name="Mux_2W_4B_routed.dcp"/>
  <File Type="ROUTE-BLACKBOX-DCP" Name="Mux_2W_4B_routed_bb.dcp"/>
  <File Type="ROUTE-DRC" Name="Mux_2W_4B_drc_routed.rpt"/>
  <File Type="ROUTE-DRC-PB" Name="Mux_2W_4B_drc_routed.pb"/>
  <File Type="BITSTR-LTX" Name="debug_nets.ltx"/>
  <File Type="BITSTR-LTX" Name="Mux_2W_4B.ltx"/>
  <File Type="ROUTE-DRC-RPX" Name="Mux_2W_4B_drc_routed.rpx"/>
  <File Type="BITSTR-MMI" Name="Mux_2W_4B.mmi"/>
  <File Type="ROUTE-METHODOLOGY-DRC" Name="Mux_2W_4B_methodology_drc_routed.rpt"/>
  <File Type="ROUTE-METHODOLOGY-DRC-RPX" Name="Mux_2W_4B_methodology_drc_routed.rpx"/>
  <File Type="BITSTR-SYSDEF" Name="Mux_2W_4B.sysdef"/>
  <File Type="ROUTE-METHODOLOGY-DRC-PB" Name="Mux_2W_4B_methodology_drc_routed.pb"/>
  <File Type="ROUTE-PWR-RPX" Name="Mux_2W_4B_power_routed.rpx"/>
  <File Type="ROUTE-STATUS" Name="Mux_2W_4B_route_status.rpt"/>
  <File Type="ROUTE-STATUS-PB" Name="Mux_2W_4B_route_status.pb"/>
  <File Type="ROUTE-TIMINGSUMMARY" Name="Mux_2W_4B_timing_summary_routed.rpt"/>
  <File Type="ROUTE-TIMING-PB" Name="Mux_2W_4B_timing_summary_routed.pb"/>
  <File Type="ROUTE-TIMING-RPX" Name="Mux_2W_4B_timing_summary_routed.rpx"/>
  <File Type="ROUTE-SIMILARITY" Name="Mux_2W_4B_incremental_reuse_routed.rpt"/>
  <File Type="ROUTE-CLK" Name="Mux_2W_4B_clock_utilization_routed.rpt"/>
  <File Type="ROUTE-BUS-SKEW" Name="Mux_2W_4B_bus_skew_routed.rpt"/>
  <File Type="ROUTE-BUS-SKEW-PB" Name="Mux_2W_4B_bus_skew_routed.pb"/>
  <File Type="ROUTE-BUS-SKEW-RPX" Name="Mux_2W_4B_bus_skew_routed.rpx"/>
  <File Type="POSTROUTE-PHYSOPT-DCP" Name="Mux_2W_4B_postroute_physopt.dcp"/>
  <File Type="POSTROUTE-PHYSOPT-BLACKBOX-DCP" Name="Mux_2W_4B_postroute_physopt_bb.dcp"/>
  <File Type="POSTROUTE-PHYSOPT-TIMING" Name="Mux_2W_4B_timing_summary_postroute_physopted.rpt"/>
  <File Type="POSTROUTE-PHYSOPT-TIMING-PB" Name="Mux_2W_4B_timing_summary_postroute_physopted.pb"/>
  <File Type="POSTROUTE-PHYSOPT-TIMING-RPX" Name="Mux_2W_4B_timing_summary_postroute_physopted.rpx"/>
  <File Type="POSTROUTE-PHYSOPT-BUS-SKEW" Name="Mux_2W_4B_bus_skew_postroute_physopted.rpt"/>
  <File Type="POSTROUTE-PHYSOPT-BUS-SKEW-PB" Name="Mux_2W_4B_bus_skew_postroute_physopted.pb"/>
  <File Type="BG-BIT" Name="Mux_2W_4B.bit"/>
  <File Type="POSTROUTE-PHYSOPT-BUS-SKEW-RPX" Name="Mux_2W_4B_bus_skew_postroute_physopted.rpx"/>
  <File Type="BITSTR-RBT" Name="Mux_2W_4B.rbt"/>
  <File Type="BITSTR-NKY" Name="Mux_2W_4B.nky"/>
  <File Type="BG-DRC" Name="Mux_2W_4B.drc"/>
  <File Type="RDI-RDI" Name="Mux_2W_4B.vdi"/>
  <File Type="WBT-USG" Name="usage_statistics_webtalk.html"/>
  <FileSet Name="sources" Type="DesignSrcs" RelSrcDir="$PSRCDIR/sources_1">
    <Filter Type="Srcs"/>
    <File Path="$PSRCDIR/sources_1/new/Mux_2W_4B.vhd">
      <FileInfo>
        <Attr Name="UsedIn" Val="synthesis"/>
        <Attr Name="UsedIn" Val="simulation"/>
      </FileInfo>
    </File>
    <Config>
      <Option Name="DesignMode" Val="RTL"/>
      <Option Name="TopModule" Val="Mux_2W_4B"/>
      <Option Name="TopAutoSet" Val="TRUE"/>
    </Config>
  </FileSet>
  <FileSet Name="constrs_in" Type="Constrs" RelSrcDir="$PSRCDIR/constrs_1">
    <Filter Type="Constrs"/>
    <Config>
      <Option Name="ConstrsType" Val="XDC"/>
    </Config>
  </FileSet>
  <Strategy Version="1" Minor="2">
    <StratHandle Name="Vivado Implementation Defaults" Flow="Vivado Implementation 2018">
      <Desc>Default settings for Implementation.</Desc>
    </StratHandle>
    <Step Id="init_design"/>
    <Step Id="opt_design"/>
    <Step Id="power_opt_design"/>
    <Step Id="place_design"/>
    <Step Id="post_place_power_opt_design"/>
    <Step Id="phys_opt_design"/>
    <Step Id="route_design"/>
    <Step Id="post_route_phys_opt_design"/>
    <Step Id="write_bitstream"/>
  </Strategy>
</GenRun>
