<?xml version="1.0" encoding="UTF-8"?>
<GenRun Id="synth_1" LaunchPart="xc7a35tcpg236-1" LaunchTime="1747032417">
  <File Type="PA-TCL" Name="Mux_8W_4B.tcl"/>
  <File Type="RDS-PROPCONSTRS" Name="Mux_8W_4B_drc_synth.rpt"/>
  <File Type="REPORTS-TCL" Name="Mux_8W_4B_reports.tcl"/>
  <File Type="RDS-RDS" Name="Mux_8W_4B.vds"/>
  <File Type="RDS-UTIL" Name="Mux_8W_4B_utilization_synth.rpt"/>
  <File Type="RDS-UTIL-PB" Name="Mux_8W_4B_utilization_synth.pb"/>
  <File Type="RDS-DCP" Name="Mux_8W_4B.dcp"/>
  <File Type="VDS-TIMINGSUMMARY" Name="Mux_8W_4B_timing_summary_synth.rpt"/>
  <File Type="VDS-TIMING-PB" Name="Mux_8W_4B_timing_summary_synth.pb"/>
  <FileSet Name="sources" Type="DesignSrcs" RelSrcDir="$PSRCDIR/sources_1">
    <Filter Type="Srcs"/>
    <File Path="$PPRDIR/../Labs/Lab4/Lab4.srcs/sources_1/new/Decoder_2_to_4.vhd">
      <FileInfo>
        <Attr Name="UsedIn" Val="synthesis"/>
        <Attr Name="UsedIn" Val="simulation"/>
      </FileInfo>
    </File>
    <File Path="$PPRDIR/../Labs/Lab4/Lab4.srcs/sources_1/new/Decoder_3_to_8.vhd">
      <FileInfo>
        <Attr Name="UsedIn" Val="synthesis"/>
        <Attr Name="UsedIn" Val="simulation"/>
      </FileInfo>
    </File>
    <File Path="$PPRDIR/../Labs/Lab4/Lab4.srcs/sources_1/new/Mux_8_to_1.vhd">
      <FileInfo>
        <Attr Name="UsedIn" Val="synthesis"/>
        <Attr Name="UsedIn" Val="simulation"/>
      </FileInfo>
    </File>
    <File Path="$PSRCDIR/sources_1/new/Mux_8W_4B.vhd">
      <FileInfo>
        <Attr Name="UsedIn" Val="synthesis"/>
        <Attr Name="UsedIn" Val="simulation"/>
      </FileInfo>
    </File>
    <Config>
      <Option Name="DesignMode" Val="RTL"/>
      <Option Name="TopModule" Val="Mux_8W_4B"/>
      <Option Name="TopAutoSet" Val="TRUE"/>
    </Config>
  </FileSet>
  <FileSet Name="constrs_in" Type="Constrs" RelSrcDir="$PSRCDIR/constrs_1">
    <Filter Type="Constrs"/>
    <Config>
      <Option Name="ConstrsType" Val="XDC"/>
    </Config>
  </FileSet>
  <Strategy Version="1" Minor="2">
    <StratHandle Name="Vivado Synthesis Defaults" Flow="Vivado Synthesis 2018">
      <Desc>Vivado Synthesis Defaults</Desc>
    </StratHandle>
    <Step Id="synth_design"/>
  </Strategy>
</GenRun>
